FID,ST,STATE,ST_ABBR,COUNTY,FIPS,LOCATION,AREA_SQMI,E_TOTPOP,M_TOTPOP,E_HU,M_HU,E_HH,M_HH,E_POV,M_POV,E_UNEMP,M_UNEMP,E_PCI,M_PCI,E_NOHSDP,M_NOHSDP,E_AGE65,M_AGE65,E_AGE17,M_AGE17,E_DISABL,M_DISABL,E_SNGPNT,M_SNGPNT,E_MINRTY,M_MINRTY,E_LIMENG,M_LIMENG,E_MUNIT,M_MUNIT,E_MOBILE,M_MOBILE,E_CROWD,M_CROWD,E_NOVEH,M_NOVEH,E_GROUPQ,M_GROUPQ,EP_POV,MP_POV,EP_UNEMP,MP_UNEMP,EP_PCI,MP_PCI,EP_NOHSDP,MP_NOHSDP,EP_AGE65,MP_AGE65,EP_AGE17,MP_AGE17,EP_DISABL,MP_DISABL,EP_SNGPNT,MP_SNGPNT,EP_MINRTY,MP_MINRTY,EP_LIMENG,MP_LIMENG,EP_MUNIT,MP_MUNIT,EP_MOBILE,MP_MOBILE,EP_CROWD,MP_CROWD,EP_NOVEH,MP_NOVEH,EP_GROUPQ,MP_GROUPQ,EPL_POV,EPL_UNEMP,EPL_PCI,EPL_NOHSDP,SPL_THEME1,RPL_THEME1,EPL_AGE65,EPL_AGE17,EPL_DISABL,EPL_SNGPNT,SPL_THEME2,RPL_THEME2,EPL_MINRTY,EPL_LIMENG,SPL_THEME3,RPL_THEME3,EPL_MUNIT,EPL_MOBILE,EPL_CROWD,EPL_NOVEH,EPL_GROUPQ,SPL_THEME4,RPL_THEME4,SPL_THEMES,RPL_THEMES,F_POV,F_UNEMP,F_PCI,F_NOHSDP,F_THEME1,F_AGE65,F_AGE17,F_DISABL,F_SNGPNT,F_THEME2,F_MINRTY,F_LIMENG,F_THEME3,F_MUNIT,F_MOBILE,F_CROWD,F_NOVEH,F_GROUPQ,F_THEME4,F_TOTAL,E_UNINSUR,M_UNINSUR,EP_UNINSUR,MP_UNINSUR,E_DAYPOP
0,42,PENNSYLVANIA,PA,Beaver,42007,"Beaver County, Pennsylvania",434.712690064,169205.0,0.0,78304.0,197.0,69921.0,628.0,18036.0,1160.0,5327.0,416.0,28018.0,493.0,9883.0,570.0,33304.0,62.0,33432.0,0.0,24745.0,856.0,5414.0,423.5,17172.0,95.0,520.0,179.3,4152.0,336.4,3586.0,344.0,725.0,146.5,5836.0,420.0,3019.0,380.0,10.8,0.7,6.1,0.5,28018.0,493.0,8.1,0.5,19.7,0.1,19.8,0.0,14.7,0.5,7.7,0.6,10.1,0.1,0.3,0.1,5.3,0.4,4.6,0.4,1.0,0.2,8.3,0.6,1.8,0.2,0.2424,0.3636,0.2576,0.1212,0.9848,0.1515,0.6818,0.3182,0.3939,0.5,1.8939,0.3788,0.6364,0.2727,0.9091,0.4697,0.7273,0.2727,0.3333,0.5303,0.2424,2.1061,0.2727,5.8939,0.1667,0.0,0.0,0.0,0.0,0.0,0.0,0.0,0.0,0.0,0.0,0.0,0.0,0.0,0.0,0.0,0.0,0.0,0.0,0.0,0.0,10064.0,765.0,6.0,0.5,154496.0
1,42,PENNSYLVANIA,PA,Blair,42013,"Blair County, Pennsylvania",525.799590497,125917.0,0.0,56059.0,168.0,50954.0,438.0,18196.0,1100.0,3519.0,342.0,24466.0,530.0,8283.0,616.0,24316.0,91.0,26013.0,0.0,21020.0,715.0,4052.0,341.5,6265.0,86.0,382.0,159.6,3865.0,335.8,3581.0,345.0,547.0,130.6,4810.0,384.0,3231.0,381.0,14.8,0.9,5.8,0.5,24466.0,530.0,9.3,0.7,19.3,0.1,20.7,0.0,16.9,0.6,8.0,0.7,5.0,0.1,0.3,0.1,6.9,0.6,6.4,0.6,1.1,0.3,9.4,0.7,2.6,0.3,0.7879,0.2879,0.6212,0.2273,1.9242,0.3939,0.5758,0.6212,0.7424,0.5758,2.5152,0.8788,0.3182,0.2424,0.5606,0.2424,0.803,0.4091,0.3939,0.7273,0.4091,2.7424,0.6212,7.7424,0.5303,0.0,0.0,0.0,0.0,0.0,0.0,0.0,0.0,0.0,0.0,0.0,0.0,0.0,0.0,0.0,0.0,0.0,0.0,0.0,0.0,8979.0,714.0,7.2,0.6,131640.0
2,42,PENNSYLVANIA,PA,Butler,42019,"Butler County, Pennsylvania",788.594535694,185974.0,0.0,80168.0,280.0,74762.0,515.0,15257.0,991.0,5015.0,359.0,33406.0,532.0,8464.0,489.0,31572.0,94.0,38890.0,36.0,22436.0,896.0,4461.0,377.8,8953.0,111.0,417.0,153.6,5469.0,397.4,7195.0,426.0,434.0,106.0,4598.0,303.0,5695.0,651.0,8.5,0.5,5.2,0.4,33406.0,532.0,6.5,0.4,17.0,0.1,20.9,0.0,12.2,0.5,6.0,0.5,4.8,0.1,0.2,0.1,6.8,0.5,9.0,0.5,0.6,0.1,6.2,0.4,3.1,0.4,0.0455,0.1061,0.0758,0.0455,0.2727,0.0,0.2424,0.6515,0.1061,0.0758,1.0758,0.0606,0.2727,0.1061,0.3788,0.1515,0.7879,0.6212,0.0758,0.2424,0.5152,2.2424,0.3788,3.9697,0.0,0.0,0.0,0.0,0.0,0.0,0.0,0.0,0.0,0.0,0.0,0.0,0.0,0.0,0.0,0.0,0.0,0.0,0.0,0.0,0.0,9466.0,727.0,5.1,0.4,188613.0
3,42,PENNSYLVANIA,PA,Carbon,42025,"Carbon County, Pennsylvania",381.460118049,64330.0,0.0,34387.0,107.0,25813.0,436.0,7621.0,752.0,2539.0,378.0,25743.0,1325.0,5082.0,465.0,12568.0,106.0,12763.0,58.0,10670.0,665.0,2000.0,292.9,4709.0,45.0,316.0,175.5,737.0,177.6,1391.0,204.0,404.0,159.2,1867.0,262.0,895.0,234.0,12.1,1.2,8.0,1.2,25743.0,1325.0,10.8,1.0,19.5,0.2,19.8,0.1,16.8,1.0,7.7,1.1,7.3,0.1,0.5,0.3,2.1,0.5,4.0,0.6,1.6,0.6,7.2,1.0,1.4,0.4,0.3788,0.8636,0.4697,0.3939,2.1061,0.4848,0.6364,0.3939,0.7121,0.5152,2.2576,0.6667,0.4848,0.5,0.9848,0.5455,0.1515,0.2273,0.803,0.3636,0.1364,1.6818,0.1061,7.0303,0.4242,0.0,0.0,0.0,0.0,0.0,0.0,0.0,0.0,0.0,0.0,0.0,0.0,0.0,0.0,0.0,0.0,0.0,0.0,0.0,0.0,5077.0,648.0,8.0,1.0,50906.0
4,42,PENNSYLVANIA,PA,Columbia,42037,"Columbia County, Pennsylvania",483.106566095,66772.0,0.0,29596.0,186.0,26356.0,451.0,9498.0,870.0,1696.0,228.0,24155.0,648.0,4821.0,417.0,11523.0,63.0,12019.0,34.0,8065.0,469.0,2017.0,239.3,4328.0,36.0,283.0,129.5,1274.0,219.8,2565.0,204.0,228.0,85.6,1684.0,245.0,4439.0,438.0,15.3,1.4,5.3,0.7,24155.0,648.0,11.0,0.9,17.3,0.1,18.0,0.1,12.2,0.7,7.7,0.9,6.5,0.1,0.4,0.2,4.3,0.7,8.7,0.7,0.9,0.3,6.4,0.9,6.6,0.7,0.8182,0.1667,0.7273,0.4848,2.197,0.6212,0.3182,0.0909,0.1061,0.4848,1.0,0.0303,0.4091,0.4091,0.8182,0.3939,0.5455,0.5758,0.2121,0.2727,0.8485,2.4545,0.4848,6.4697,0.2424,0.0,0.0,0.0,0.0,0.0,0.0,0.0,0.0,0.0,0.0,0.0,0.0,0.0,0.0,0.0,0.0,0.0,0.0,0.0,0.0,3974.0,510.0,6.0,0.8,66408.0
5,42,PENNSYLVANIA,PA,Cumberland,42041,"Cumberland County, Pennsylvania",545.498092914,243838.0,0.0,102772.0,311.0,96501.0,626.0,19828.0,1420.0,6542.0,551.0,33079.0,601.0,14628.0,733.0,41584.0,75.0,49680.0,33.0,26647.0,1042.0,6646.0,566.4,30810.0,123.0,2921.0,452.0,7544.0,578.0,4818.0,448.0,899.0,217.8,6038.0,569.0,13160.0,676.0,8.6,0.6,5.1,0.4,33079.0,601.0,8.6,0.4,17.1,0.1,20.4,0.0,11.2,0.4,6.9,0.6,12.6,0.1,1.3,0.2,7.3,0.6,4.7,0.4,0.9,0.2,6.3,0.6,5.4,0.3,0.0606,0.0758,0.0909,0.1818,0.4091,0.0455,0.2576,0.5,0.0606,0.303,1.1212,0.0909,0.697,0.7121,1.4091,0.7121,0.8333,0.303,0.2576,0.2576,0.7576,2.4091,0.4545,5.3485,0.1061,0.0,0.0,0.0,0.0,0.0,0.0,0.0,0.0,0.0,0.0,0.0,0.0,0.0,0.0,0.0,0.0,0.0,0.0,0.0,0.0,15051.0,989.0,6.3,0.4,266937.0
6,42,PENNSYLVANIA,PA,Elk,42047,"Elk County, Pennsylvania",827.360999667,31111.0,0.0,17536.0,75.0,13362.0,271.0,2688.0,414.0,802.0,158.0,25753.0,907.0,1925.0,212.0,6392.0,41.0,6156.0,35.0,5145.0,359.0,915.0,149.8,779.0,66.0,23.0,74.6,423.0,100.7,1344.0,154.0,54.0,55.1,988.0,173.0,398.0,173.0,8.8,1.3,5.1,1.0,25753.0,907.0,8.5,0.9,20.5,0.1,19.8,0.1,16.7,1.2,6.8,1.1,2.5,0.2,0.1,0.3,2.4,0.6,7.7,0.9,0.4,0.4,7.4,1.3,1.3,0.6,0.0909,0.0758,0.4545,0.1667,0.7879,0.1212,0.8485,0.3636,0.6818,0.2727,2.1667,0.5606,0.0,0.0152,0.0152,0.0,0.2121,0.5,0.0,0.4242,0.1061,1.2424,0.0152,4.2121,0.0152,0.0,0.0,0.0,0.0,0.0,0.0,0.0,0.0,0.0,0.0,0.0,0.0,0.0,0.0,0.0,0.0,0.0,0.0,0.0,0.0,1402.0,241.0,4.6,0.8,30526.0
7,42,PENNSYLVANIA,PA,Lawrence,42073,"Lawrence County, Pennsylvania",358.165382453,88528.0,0.0,40723.0,180.0,36302.0,464.0,12374.0,851.0,2736.0,280.0,25614.0,803.0,6614.0,431.0,17733.0,79.0,18038.0,38.0,14261.0,610.0,3146.0,283.6,6872.0,185.0,363.0,115.9,1858.0,208.5,2979.0,259.0,351.0,126.5,3448.0,278.0,2311.0,349.0,14.3,1.0,6.5,0.7,25614.0,803.0,10.5,0.7,20.0,0.1,20.4,0.0,16.3,0.7,8.7,0.8,7.8,0.2,0.4,0.1,4.6,0.5,7.3,0.6,1.0,0.3,9.5,0.7,2.6,0.4,0.6667,0.5,0.5,0.3636,2.0303,0.4697,0.7576,0.5303,0.5909,0.803,2.6818,0.9242,0.5455,0.3788,0.9242,0.5152,0.5758,0.4697,0.303,0.7424,0.4394,2.5303,0.5303,8.1667,0.6364,0.0,0.0,0.0,0.0,0.0,0.0,0.0,0.0,0.0,0.0,0.0,0.0,0.0,0.0,0.0,0.0,0.0,0.0,0.0,0.0,6225.0,525.0,7.1,0.6,79144.0
8,42,PENNSYLVANIA,PA,Lycoming,42081,"Lycoming County, Pennsylvania",1228.60011159,116313.0,0.0,52644.0,209.0,45587.0,608.0,15932.0,1154.0,4261.0,436.0,24855.0,566.0,8989.0,581.0,20488.0,123.0,23986.0,0.0,17386.0,802.0,3915.0,379.2,10669.0,214.0,256.0,111.0,2992.0,370.2,3541.0,241.0,550.0,160.6,4220.0,421.0,5828.0,456.0,14.4,1.0,7.3,0.7,24855.0,566.0,11.1,0.7,17.6,0.1,20.6,0.0,15.4,0.7,8.6,0.8,9.2,0.2,0.2,0.1,5.7,0.7,6.7,0.5,1.2,0.4,9.3,0.9,5.0,0.4,0.697,0.697,0.5606,0.5303,2.4848,0.697,0.3636,0.5909,0.5,0.7879,2.2424,0.6212,0.6061,0.0909,0.697,0.3333,0.7424,0.4242,0.5606,0.6818,0.7424,3.1515,0.8333,8.5758,0.7273,0.0,0.0,0.0,0.0,0.0,0.0,0.0,0.0,0.0,0.0,0.0,0.0,0.0,0.0,0.0,0.0,0.0,0.0,0.0,0.0,7999.0,700.0,7.1,0.6,118845.0
9,42,PENNSYLVANIA,PA,Mercer,42085,"Mercer County, Pennsylvania",672.581227594,114598.0,0.0,51604.0,213.0,45350.0,526.0,14962.0,929.0,3307.0,350.0,24399.0,653.0,8381.0,486.0,22747.0,54.0,23287.0,0.0,18083.0,676.0,3589.0,304.6,10916.0,128.0,536.0,126.3,2464.0,235.5,4083.0,309.0,531.0,109.2,4341.0,326.0,7357.0,487.0,14.0,0.9,6.2,0.6,24399.0,653.0,10.5,0.6,19.8,0.1,20.3,0.0,16.3,0.6,7.9,0.7,9.5,0.1,0.5,0.1,4.8,0.5,7.9,0.6,1.2,0.2,9.6,0.7,6.4,0.4,0.6212,0.3788,0.6364,0.3636,2.0,0.4394,0.7121,0.4697,0.5909,0.5455,2.3182,0.7121,0.6212,0.4848,1.1061,0.6212,0.6212,0.5303,0.5152,0.7879,0.8182,3.2727,0.8939,8.697,0.7727,0.0,0.0,0.0,0.0,0.0,0.0,0.0,0.0,0.0,0.0,0.0,0.0,0.0,0.0,0.0,0.0,0.0,0.0,0.0,0.0,8692.0,651.0,7.9,0.6,115155.0
10,42,PENNSYLVANIA,PA,Montour,42093,"Montour County, Pennsylvania",130.242335916,18404.0,0.0,8048.0,87.0,7361.0,170.0,1763.0,327.0,478.0,172.0,31293.0,1694.0,1357.0,192.0,3679.0,47.0,3793.0,111.0,2318.0,274.0,465.0,113.1,1411.0,4.0,118.0,93.3,207.0,84.6,632.0,112.0,39.0,23.3,743.0,178.0,733.0,165.0,10.0,1.9,5.3,1.9,31293.0,1694.0,10.2,1.4,20.0,0.3,20.6,0.6,13.0,1.5,6.3,1.5,7.7,0.0,0.7,0.5,2.6,1.1,7.9,1.4,0.5,0.3,10.1,2.4,4.0,0.9,0.1364,0.1667,0.1212,0.3182,0.7424,0.0909,0.7576,0.5606,0.197,0.1515,1.6667,0.2273,0.5152,0.5606,1.0758,0.6061,0.2424,0.5303,0.0606,0.8485,0.6667,2.3485,0.4242,5.8333,0.1515,0.0,0.0,0.0,0.0,0.0,0.0,0.0,0.0,0.0,0.0,0.0,0.0,0.0,0.0,0.0,0.0,0.0,0.0,0.0,0.0,1066.0,217.0,6.0,1.2,25226.0
11,42,PENNSYLVANIA,PA,Northampton,42095,"Northampton County, Pennsylvania",369.624753133,300520.0,0.0,121207.0,283.0,112819.0,743.0,26379.0,1622.0,10501.0,705.0,31086.0,544.0,19950.0,899.0,52100.0,26.0,61996.0,41.0,37334.0,1154.0,8957.0,594.4,64848.0,255.0,5328.0,593.0,8230.0,518.4,2984.0,333.0,1156.0,232.6,8427.0,554.0,10856.0,707.0,9.1,0.6,6.7,0.4,31086.0,544.0,9.6,0.4,17.3,0.1,20.6,0.0,12.5,0.4,7.9,0.5,21.6,0.1,1.9,0.2,6.8,0.4,2.5,0.3,1.0,0.2,7.5,0.5,3.6,0.2,0.1061,0.5606,0.1364,0.2727,1.0758,0.1667,0.3182,0.6061,0.1515,0.5606,1.6364,0.197,0.8788,0.8333,1.7121,0.8485,0.7727,0.1061,0.3182,0.4545,0.5758,2.2273,0.3636,6.6515,0.303,0.0,0.0,0.0,0.0,0.0,0.0,0.0,0.0,0.0,0.0,0.0,0.0,0.0,0.0,0.0,0.0,0.0,0.0,0.0,0.0,20924.0,1268.0,7.0,0.4,277199.0
12,42,PENNSYLVANIA,PA,Northumberland,42097,"Northumberland County, Pennsylvania",458.001618686,93590.0,0.0,44930.0,216.0,39192.0,432.0,12974.0,1237.0,2982.0,396.0,23512.0,483.0,9635.0,503.0,18406.0,80.0,18495.0,87.0,14566.0,708.0,3350.0,377.3,6391.0,66.0,384.0,146.0,2250.0,280.2,2066.0,241.0,453.0,143.6,4004.0,328.0,4491.0,480.0,14.6,1.4,6.8,0.9,23512.0,483.0,14.2,0.7,19.7,0.1,19.8,0.1,16.3,0.8,8.5,1.0,6.8,0.1,0.4,0.2,5.0,0.6,4.6,0.5,1.2,0.4,10.2,0.8,4.8,0.5,0.7424,0.5909,0.8182,0.8788,3.0303,0.9242,0.6818,0.3333,0.5909,0.7576,2.3636,0.7727,0.4394,0.3939,0.8333,0.4394,0.6667,0.2727,0.4848,0.8636,0.7121,3.0,0.7576,9.2273,0.8788,0.0,0.0,0.0,0.0,0.0,0.0,0.0,0.0,0.0,0.0,0.0,0.0,0.0,0.0,0.0,0.0,0.0,0.0,0.0,0.0,7544.0,605.0,8.4,0.7,80739.0
13,42,PENNSYLVANIA,PA,Perry,42099,"Perry County, Pennsylvania",551.448021259,45647.0,0.0,20486.0,82.0,17883.0,221.0,3921.0,419.0,1257.0,203.0,27648.0,612.0,3757.0,283.0,7242.0,64.0,10052.0,26.0,6052.0,342.0,1368.0,191.2,1843.0,12.0,154.0,88.8,317.0,62.1,2397.0,294.0,253.0,62.3,916.0,109.0,596.0,141.0,8.7,0.9,5.2,0.8,27648.0,612.0,11.7,0.9,15.9,0.1,22.0,0.1,13.4,0.8,7.6,1.1,4.0,0.0,0.4,0.2,1.5,0.3,11.7,1.4,1.4,0.3,5.1,0.6,1.3,0.3,0.0758,0.1061,0.303,0.6364,1.1212,0.1818,0.1364,0.803,0.2879,0.4697,1.697,0.2424,0.2121,0.303,0.5152,0.197,0.0758,0.7424,0.7121,0.1061,0.1212,1.7576,0.1212,5.0909,0.0758,0.0,0.0,0.0,0.0,0.0,0.0,0.0,0.0,0.0,0.0,0.0,0.0,0.0,0.0,0.0,0.0,0.0,0.0,0.0,0.0,4525.0,402.0,10.0,0.9,30305.0
14,42,PENNSYLVANIA,PA,Schuylkill,42107,"Schuylkill County, Pennsylvania",778.631014123,145503.0,0.0,68954.0,331.0,58341.0,655.0,18029.0,1164.0,5479.0,424.0,24275.0,437.0,12860.0,622.0,27994.0,67.0,28550.0,0.0,24734.0,842.0,4690.0,362.0,11559.0,57.0,665.0,190.4,2166.0,317.6,2813.0,256.0,564.0,130.6,5645.0,427.0,7112.0,537.0,13.0,0.8,8.0,0.6,24275.0,437.0,12.1,0.6,19.2,0.1,19.6,0.0,17.8,0.6,8.0,0.6,7.9,0.0,0.5,0.1,3.1,0.5,4.1,0.4,1.0,0.2,9.7,0.7,4.9,0.4,0.5303,0.8636,0.697,0.6818,2.7727,0.8182,0.5606,0.2727,0.8485,0.5909,2.2727,0.697,0.5606,0.4697,1.0303,0.5606,0.3485,0.2424,0.2879,0.803,0.7273,2.4091,0.4697,8.4848,0.6818,0.0,0.0,0.0,0.0,0.0,0.0,0.0,0.0,0.0,0.0,0.0,0.0,0.0,0.0,0.0,0.0,0.0,0.0,0.0,0.0,10970.0,832.0,7.9,0.6,133463.0
15,42,PENNSYLVANIA,PA,Somerset,42111,"Somerset County, Pennsylvania",1074.36632828,76201.0,0.0,37953.0,138.0,29630.0,325.0,8993.0,679.0,2341.0,246.0,23402.0,544.0,7270.0,375.0,15599.0,72.0,14038.0,9.0,11693.0,494.0,1800.0,208.2,3966.0,16.0,326.0,110.3,1521.0,165.9,4347.0,271.0,359.0,113.1,2134.0,204.0,5014.0,288.0,12.6,1.0,6.7,0.7,23402.0,544.0,12.9,0.7,20.5,0.1,18.4,0.0,16.4,0.7,6.1,0.7,5.2,0.0,0.4,0.2,4.0,0.4,11.5,0.7,1.2,0.4,7.2,0.7,6.6,0.4,0.4242,0.5606,0.8485,0.7727,2.6061,0.7424,0.8485,0.1212,0.6667,0.1212,1.7576,0.303,0.3333,0.4242,0.7576,0.3636,0.5152,0.7273,0.5758,0.3636,0.8333,3.0152,0.7879,8.1364,0.6061,0.0,0.0,0.0,0.0,0.0,0.0,0.0,0.0,0.0,0.0,0.0,0.0,0.0,0.0,0.0,0.0,0.0,0.0,0.0,0.0,5873.0,445.0,8.2,0.6,68339.0
16,42,PENNSYLVANIA,PA,Susquehanna,42115,"Susquehanna County, Pennsylvania",823.508990516,41832.0,0.0,23001.0,100.0,17368.0,227.0,5320.0,489.0,1488.0,165.0,26551.0,572.0,3390.0,202.0,8395.0,43.0,8218.0,10.0,6952.0,290.0,1177.0,125.7,1485.0,11.0,155.0,86.1,403.0,65.5,3055.0,183.0,255.0,61.7,899.0,104.0,309.0,154.0,12.9,1.2,7.4,0.8,26551.0,572.0,11.1,0.7,20.1,0.1,19.6,0.0,16.7,0.7,6.8,0.7,3.5,0.0,0.4,0.2,1.8,0.3,13.3,0.8,1.5,0.4,5.2,0.6,0.7,0.4,0.5152,0.7273,0.3636,0.5303,2.1364,0.5303,0.7879,0.2879,0.6818,0.2576,2.0152,0.4394,0.1212,0.3333,0.4545,0.1818,0.1212,0.8788,0.7576,0.1212,0.0152,1.8939,0.197,6.5,0.2576,0.0,0.0,0.0,0.0,0.0,0.0,0.0,0.0,0.0,0.0,0.0,0.0,0.0,0.0,0.0,0.0,0.0,0.0,0.0,0.0,4234.0,333.0,10.2,0.8,30060.0
17,42,PENNSYLVANIA,PA,Venango,42121,"Venango County, Pennsylvania",674.284178342,53460.0,0.0,27300.0,134.0,21962.0,364.0,7535.0,631.0,2010.0,236.0,24257.0,702.0,4283.0,355.0,10662.0,48.0,10886.0,0.0,9221.0,447.0,1885.0,199.5,2070.0,16.0,113.0,76.6,944.0,137.3,3233.0,213.0,201.0,78.1,1822.0,181.0,1216.0,267.0,14.4,1.2,8.0,0.9,24257.0,702.0,11.1,0.9,19.9,0.1,20.4,0.0,17.5,0.8,8.6,0.9,3.9,0.0,0.2,0.2,3.5,0.5,11.8,0.8,0.9,0.4,8.3,0.8,2.3,0.5,0.697,0.8636,0.7121,0.5303,2.803,0.8485,0.7424,0.4848,0.7879,0.7727,2.7879,0.9545,0.197,0.0606,0.2576,0.0758,0.4697,0.7576,0.2424,0.5303,0.303,2.303,0.4091,8.1515,0.6212,0.0,0.0,0.0,0.0,0.0,0.0,0.0,0.0,0.0,0.0,0.0,0.0,0.0,0.0,0.0,0.0,0.0,0.0,0.0,0.0,4367.0,482.0,8.3,0.9,49137.0
18,42,PENNSYLVANIA,PA,Washington,42125,"Washington County, Pennsylvania",856.988390305,208269.0,0.0,93897.0,251.0,83745.0,767.0,20471.0,1179.0,6534.0,493.0,31561.0,499.0,12257.0,625.0,39372.0,76.0,41396.0,0.0,30363.0,776.0,5537.0,395.8,15106.0,92.0,837.0,199.2,4742.0,342.6,5279.0,320.0,700.0,154.9,6306.0,466.0,5354.0,437.0,10.1,0.6,6.2,0.5,31561.0,499.0,8.2,0.4,18.9,0.1,19.9,0.0,14.7,0.4,6.6,0.5,7.3,0.0,0.4,0.1,5.1,0.4,5.6,0.3,0.8,0.2,7.5,0.5,2.6,0.2,0.1515,0.3788,0.1061,0.1364,0.7727,0.1061,0.5152,0.4091,0.3939,0.197,1.5152,0.1515,0.4697,0.3485,0.8182,0.3939,0.6818,0.3788,0.1818,0.4545,0.4242,2.1212,0.2879,5.2273,0.0909,0.0,0.0,0.0,0.0,0.0,0.0,0.0,0.0,0.0,0.0,0.0,0.0,0.0,0.0,0.0,0.0,0.0,0.0,0.0,0.0,11880.0,671.0,5.7,0.3,201295.0
19,42,PENNSYLVANIA,PA,Wyoming,42131,"Wyoming County, Pennsylvania",397.30515069,27975.0,0.0,13326.0,89.0,10801.0,183.0,2817.0,274.0,986.0,150.0,26823.0,740.0,1646.0,151.0,5140.0,23.0,5700.0,53.0,3952.0,286.0,785.0,118.2,1154.0,18.0,23.0,63.9,138.0,34.4,1614.0,146.0,112.0,37.2,502.0,83.0,704.0,153.0,10.3,1.0,7.0,1.1,26823.0,740.0,8.4,0.8,18.4,0.1,20.4,0.2,14.3,1.0,7.3,1.1,4.1,0.1,0.1,0.2,1.0,0.3,12.1,1.1,1.0,0.3,4.6,0.8,2.5,0.5,0.1818,0.6364,0.3485,0.1515,1.3182,0.2273,0.4697,0.5152,0.3485,0.4091,1.7424,0.2879,0.2273,0.0303,0.2576,0.0758,0.0455,0.803,0.3485,0.0152,0.3788,1.5909,0.0758,4.9091,0.0606,0.0,0.0,0.0,0.0,0.0,0.0,0.0,0.0,0.0,0.0,0.0,0.0,0.0,0.0,0.0,0.0,0.0,0.0,0.0,0.0,2069.0,234.0,7.5,0.8,24443.0
20,42,PENNSYLVANIA,PA,York,42133,"York County, Pennsylvania",904.205788831,440604.0,0.0,180618.0,274.0,168008.0,941.0,45113.0,2289.0,14574.0,753.0,28975.0,364.0,34909.0,1077.0,69799.0,44.0,99034.0,0.0,57976.0,1837.0,15203.0,725.2,67300.0,123.0,5570.0,611.6,8390.0,599.4,9447.0,470.0,1983.0,304.8,9658.0,637.0,8750.0,579.0,10.5,0.5,6.2,0.3,28975.0,364.0,11.5,0.4,15.8,0.1,22.5,0.0,13.3,0.4,9.0,0.4,15.3,0.0,1.3,0.1,4.6,0.3,5.2,0.3,1.2,0.2,5.7,0.4,2.0,0.1,0.2121,0.3788,0.2121,0.6061,1.4091,0.2576,0.1061,0.8636,0.2424,0.8485,2.0606,0.4848,0.7727,0.7424,1.5152,0.7576,0.5909,0.3333,0.5303,0.1818,0.2879,1.9242,0.2121,6.9091,0.3485,0.0,0.0,0.0,0.0,0.0,0.0,0.0,0.0,0.0,0.0,0.0,0.0,0.0,0.0,0.0,0.0,0.0,0.0,0.0,0.0,31487.0,1500.0,7.2,0.3,405246.0
21,42,PENNSYLVANIA,PA,Adams,42001,"Adams County, Pennsylvania",518.687385479,101759.0,0.0,41344.0,181.0,38269.0,380.0,9117.0,813.0,2959.0,334.0,28515.0,545.0,8631.0,470.0,18577.0,89.0,21079.0,0.0,13559.0,640.0,2657.0,276.1,10418.0,34.0,1211.0,196.3,892.0,141.7,2772.0,302.0,721.0,172.3,1586.0,232.0,4127.0,409.0,9.4,0.8,5.5,0.6,28515.0,545.0,12.2,0.7,18.3,0.1,20.7,0.0,13.5,0.6,6.9,0.7,10.2,0.0,1.3,0.2,2.2,0.3,6.7,0.7,1.9,0.4,4.1,0.6,4.1,0.4,0.1212,0.2576,0.2273,0.697,1.303,0.2121,0.4394,0.6364,0.303,0.3333,1.7121,0.2727,0.6515,0.6818,1.3333,0.6515,0.1667,0.4242,0.9091,0.0,0.6818,2.1818,0.3333,6.5303,0.2727,0.0,0.0,0.0,0.0,0.0,0.0,0.0,0.0,0.0,0.0,0.0,0.0,0.0,0.0,0.0,1.0,0.0,0.0,1.0,1.0,7447.0,516.0,7.4,0.5,86557.0
22,42,PENNSYLVANIA,PA,Armstrong,42005,"Armstrong County, Pennsylvania",653.175886634,67512.0,0.0,32427.0,114.0,28250.0,334.0,8786.0,581.0,2485.0,221.0,24634.0,620.0,5393.0,377.0,13666.0,64.0,13204.0,15.0,12576.0,543.0,2071.0,198.2,1799.0,9.0,172.0,101.3,1059.0,159.6,3303.0,253.0,250.0,59.7,2349.0,228.0,736.0,132.0,13.2,0.9,7.7,0.7,24634.0,620.0,10.9,0.8,20.2,0.1,19.6,0.0,18.8,0.8,7.3,0.7,2.7,0.0,0.3,0.2,3.3,0.5,10.2,0.8,0.9,0.2,8.3,0.8,1.1,0.2,0.5606,0.7879,0.5909,0.4091,2.3485,0.6667,0.803,0.2424,0.9394,0.4242,2.4091,0.8182,0.0303,0.197,0.2273,0.0606,0.3939,0.6667,0.2273,0.5303,0.0455,1.8636,0.1818,6.8485,0.3333,0.0,0.0,0.0,0.0,0.0,0.0,0.0,1.0,0.0,1.0,0.0,0.0,0.0,0.0,0.0,0.0,0.0,0.0,0.0,1.0,4801.0,397.0,7.2,0.6,53365.0
23,42,PENNSYLVANIA,PA,Bedford,42009,"Bedford County, Pennsylvania",1012.29635262,48852.0,0.0,24029.0,94.0,19757.0,295.0,6846.0,580.0,1475.0,209.0,23632.0,566.0,4711.0,303.0,10033.0,33.0,10071.0,13.0,8528.0,389.0,1319.0,160.8,1464.0,40.0,115.0,70.0,701.0,115.6,3614.0,273.0,340.0,92.3,1277.0,170.0,559.0,138.0,14.2,1.2,6.2,0.9,23632.0,566.0,13.3,0.9,20.5,0.1,20.6,0.0,17.6,0.8,6.7,0.8,3.0,0.1,0.2,0.2,2.9,0.5,15.0,1.1,1.7,0.5,6.5,0.8,1.1,0.3,0.6515,0.3788,0.7879,0.8182,2.6364,0.7576,0.8485,0.5758,0.8182,0.2273,2.4697,0.8636,0.0758,0.1212,0.197,0.0455,0.3182,0.9242,0.8636,0.303,0.0606,2.4697,0.5,7.7727,0.5455,0.0,0.0,0.0,0.0,0.0,0.0,0.0,0.0,0.0,0.0,0.0,0.0,0.0,0.0,1.0,0.0,0.0,0.0,1.0,1.0,4509.0,350.0,9.3,0.7,42003.0
24,42,PENNSYLVANIA,PA,Bradford,42015,"Bradford County, Pennsylvania",1147.39893279,61808.0,0.0,30107.0,129.0,24483.0,329.0,7562.0,633.0,1525.0,196.0,26255.0,788.0,4861.0,335.0,11949.0,38.0,13701.0,0.0,9087.0,470.0,1980.0,222.2,2391.0,43.0,145.0,86.8,1128.0,165.9,4580.0,290.0,376.0,92.3,1596.0,244.0,763.0,253.0,12.4,1.0,5.4,0.7,26255.0,788.0,11.1,0.8,19.3,0.1,22.2,0.0,14.9,0.8,8.1,0.9,3.9,0.1,0.2,0.1,3.7,0.6,15.2,1.0,1.5,0.4,6.5,1.0,1.2,0.4,0.4091,0.2424,0.3788,0.5303,1.5606,0.3182,0.5758,0.8182,0.4394,0.6364,2.4697,0.8485,0.1818,0.1364,0.3182,0.1212,0.4848,0.9394,0.7879,0.303,0.0909,2.6061,0.5606,6.9545,0.3788,0.0,0.0,0.0,0.0,0.0,0.0,0.0,0.0,0.0,0.0,0.0,0.0,0.0,0.0,1.0,0.0,0.0,0.0,1.0,1.0,5435.0,437.0,8.9,0.7,56364.0
25,42,PENNSYLVANIA,PA,Bucks,42017,"Bucks County, Pennsylvania",604.407438768,626220.0,0.0,246869.0,288.0,233517.0,1036.0,36635.0,1828.0,21336.0,971.0,39958.0,451.0,28445.0,1283.0,104327.0,0.0,134141.0,0.0,66266.0,1442.0,13417.0,712.2,92374.0,437.0,9535.0,742.4,24864.0,1029.8,4880.0,391.0,2627.0,373.4,10978.0,720.0,9588.0,708.0,5.9,0.3,6.2,0.3,39958.0,451.0,6.4,0.3,16.7,0.0,21.4,0.0,10.7,0.2,5.7,0.3,14.8,0.1,1.6,0.1,10.1,0.4,2.0,0.2,1.1,0.2,4.7,0.3,1.5,0.1,0.0,0.3788,0.0303,0.0303,0.4394,0.0606,0.2121,0.7121,0.0455,0.0606,1.0303,0.0455,0.7273,0.7879,1.5152,0.7727,0.9091,0.0606,0.4394,0.0455,0.2121,1.6667,0.0909,4.6515,0.0303,0.0,0.0,0.0,0.0,0.0,0.0,0.0,0.0,0.0,0.0,0.0,0.0,0.0,1.0,0.0,0.0,0.0,0.0,1.0,1.0,32867.0,1544.0,5.3,0.2,570519.0
26,42,PENNSYLVANIA,PA,Crawford,42039,"Crawford County, Pennsylvania",1012.30029665,87027.0,0.0,44386.0,159.0,34526.0,378.0,12077.0,849.0,2752.0,312.0,23578.0,551.0,7000.0,442.0,15967.0,47.0,18726.0,0.0,13684.0,503.0,3045.0,318.7,4198.0,16.0,308.0,83.9,1156.0,152.6,6084.0,319.0,478.0,92.8,3362.0,324.0,3453.0,356.0,14.5,1.0,6.8,0.8,23578.0,551.0,11.7,0.7,18.3,0.1,21.5,0.0,16.0,0.6,8.8,0.9,4.8,0.0,0.4,0.1,2.6,0.3,13.7,0.7,1.4,0.3,9.7,0.9,4.0,0.4,0.7273,0.5909,0.803,0.6364,2.7576,0.7727,0.4394,0.7424,0.5455,0.8333,2.5606,0.8939,0.2879,0.3182,0.6061,0.2879,0.2727,0.9091,0.697,0.803,0.6515,3.3333,0.9394,9.2576,0.8939,0.0,0.0,0.0,0.0,0.0,0.0,0.0,0.0,0.0,0.0,0.0,0.0,0.0,0.0,1.0,0.0,0.0,0.0,1.0,1.0,9898.0,682.0,11.6,0.8,80714.0
27,42,PENNSYLVANIA,PA,Franklin,42055,"Franklin County, Pennsylvania",772.224122864,152707.0,0.0,64178.0,206.0,59392.0,515.0,17504.0,1732.0,4901.0,491.0,27706.0,684.0,14220.0,967.0,27745.0,106.0,34973.0,58.0,19055.0,931.0,5003.0,479.2,16844.0,101.0,1602.0,422.0,1783.0,254.4,4924.0,425.0,786.0,200.4,3556.0,385.0,2183.0,232.0,11.6,1.1,6.4,0.6,27706.0,684.0,13.5,0.9,18.2,0.1,22.9,0.0,12.6,0.6,8.4,0.8,11.0,0.1,1.1,0.3,2.8,0.4,7.7,0.7,1.3,0.3,6.0,0.6,1.4,0.2,0.3333,0.4697,0.2879,0.8485,1.9394,0.4091,0.4091,0.9394,0.1667,0.7273,2.2424,0.6364,0.6667,0.6667,1.3333,0.6667,0.2879,0.5,0.6515,0.197,0.1818,1.8182,0.1364,7.3333,0.4848,0.0,0.0,0.0,0.0,0.0,0.0,1.0,0.0,0.0,1.0,0.0,0.0,0.0,0.0,0.0,0.0,0.0,0.0,0.0,1.0,17196.0,1192.0,11.4,0.8,141199.0
28,42,PENNSYLVANIA,PA,Fulton,42057,"Fulton County, Pennsylvania",437.551171813,14653.0,0.0,7112.0,37.0,5989.0,121.0,1624.0,197.0,429.0,69.0,24327.0,584.0,1355.0,123.0,2849.0,20.0,3149.0,29.0,2331.0,149.0,457.0,79.2,515.0,16.0,3.0,60.0,119.0,45.9,1324.0,110.0,76.0,32.4,337.0,69.0,42.0,21.0,11.2,1.4,6.0,0.9,24327.0,584.0,13.0,1.2,19.4,0.1,21.5,0.2,16.0,1.0,7.6,1.3,3.5,0.1,0.0,0.4,1.7,0.6,18.6,1.6,1.3,0.5,5.6,1.1,0.3,0.1,0.303,0.3485,0.6667,0.803,2.1212,0.5152,0.6061,0.7273,0.5455,0.4545,2.3333,0.7424,0.1061,0.0,0.1061,0.0152,0.0909,0.9848,0.6061,0.1667,0.0,1.8485,0.1667,6.4091,0.2273,0.0,0.0,0.0,0.0,0.0,0.0,0.0,0.0,0.0,0.0,0.0,0.0,0.0,0.0,1.0,0.0,0.0,0.0,1.0,1.0,1193.0,160.0,8.2,1.1,12948.0
29,42,PENNSYLVANIA,PA,Indiana,42063,"Indiana County, Pennsylvania",827.034003706,87491.0,0.0,38450.0,172.0,34059.0,465.0,14533.0,907.0,3234.0,362.0,23886.0,666.0,6202.0,420.0,14948.0,73.0,16041.0,49.0,12356.0,529.0,1796.0,207.1,5293.0,57.0,724.0,142.8,2766.0,403.3,4289.0,285.0,534.0,137.6,2995.0,307.0,5889.0,361.0,17.8,1.1,7.7,0.8,23886.0,666.0,11.0,0.8,17.1,0.1,18.3,0.1,14.4,0.6,5.3,0.6,6.0,0.1,0.9,0.2,7.2,1.0,11.2,0.8,1.6,0.4,8.8,0.9,6.7,0.4,0.9394,0.7879,0.7576,0.4848,2.9697,0.9091,0.2576,0.1061,0.3636,0.0455,0.7727,0.0152,0.3636,0.6061,0.9697,0.5303,0.8182,0.697,0.8333,0.6212,0.8636,3.8333,0.9848,8.5455,0.697,1.0,0.0,0.0,0.0,1.0,0.0,0.0,0.0,0.0,0.0,0.0,0.0,0.0,0.0,0.0,0.0,0.0,0.0,0.0,1.0,9428.0,656.0,11.0,0.8,89542.0
30,42,PENNSYLVANIA,PA,Jefferson,42065,"Jefferson County, Pennsylvania",652.429060347,44575.0,0.0,22392.0,113.0,18360.0,288.0,6364.0,533.0,1095.0,117.0,22841.0,523.0,3444.0,229.0,8681.0,48.0,9435.0,14.0,7004.0,274.0,1424.0,165.4,1162.0,24.0,148.0,80.4,768.0,124.0,2190.0,152.0,206.0,63.2,1683.0,145.0,785.0,139.0,14.6,1.2,5.2,0.5,22841.0,523.0,10.9,0.7,19.5,0.1,21.2,0.0,15.9,0.6,7.8,0.9,2.6,0.1,0.4,0.2,3.4,0.6,9.8,0.7,1.1,0.3,9.2,0.8,1.8,0.3,0.7424,0.1061,0.9091,0.4091,2.1667,0.5606,0.6364,0.6667,0.5303,0.5303,2.3636,0.7576,0.0152,0.2879,0.303,0.1061,0.4545,0.6364,0.4242,0.6515,0.2273,2.3939,0.4394,7.2273,0.4545,0.0,0.0,1.0,0.0,1.0,0.0,0.0,0.0,0.0,0.0,0.0,0.0,0.0,0.0,0.0,0.0,0.0,0.0,0.0,1.0,4270.0,402.0,9.7,0.9,40194.0
31,42,PENNSYLVANIA,PA,Lackawanna,42069,"Lackawanna County, Pennsylvania",458.773201062,213006.0,0.0,97449.0,219.0,85174.0,613.0,31288.0,1745.0,6764.0,555.0,26179.0,431.0,14925.0,756.0,40046.0,35.0,42903.0,0.0,31914.0,1027.0,7116.0,528.8,26864.0,114.0,4123.0,540.0,4856.0,356.6,2238.0,270.0,1014.0,188.8,8921.0,478.0,8286.0,458.0,15.3,0.8,6.5,0.5,26179.0,431.0,10.0,0.5,18.8,0.1,20.1,0.0,15.3,0.5,8.4,0.6,12.6,0.1,2.0,0.3,5.0,0.4,2.3,0.3,1.2,0.2,10.5,0.5,3.9,0.2,0.8182,0.5,0.3939,0.2879,2.0,0.4242,0.5,0.4545,0.4848,0.7121,2.1515,0.5455,0.6818,0.8788,1.5606,0.7879,0.6515,0.0909,0.5455,0.9394,0.6212,2.8485,0.697,8.5606,0.7121,0.0,0.0,0.0,0.0,0.0,0.0,0.0,0.0,0.0,0.0,0.0,0.0,0.0,0.0,0.0,0.0,1.0,0.0,1.0,1.0,14091.0,992.0,6.7,0.5,220523.0
32,42,PENNSYLVANIA,PA,Lebanon,42075,"Lebanon County, Pennsylvania",361.830988895,136950.0,0.0,56176.0,169.0,52247.0,434.0,14293.0,1315.0,4573.0,410.0,27051.0,528.0,13089.0,705.0,24967.0,122.0,31547.0,28.0,17598.0,986.0,4804.0,408.1,21885.0,98.0,2810.0,463.6,2886.0,313.2,2759.0,261.0,967.0,249.1,3796.0,381.0,3214.0,422.0,10.7,1.0,6.5,0.6,27051.0,528.0,14.0,0.8,18.2,0.1,23.0,0.0,13.0,0.7,9.2,0.8,16.0,0.1,2.2,0.4,5.1,0.6,4.9,0.5,1.9,0.5,7.3,0.7,2.3,0.3,0.2273,0.5,0.3333,0.8636,1.9242,0.3788,0.4091,0.9697,0.197,0.8636,2.4394,0.8333,0.803,0.8939,1.697,0.8333,0.697,0.3182,0.8788,0.4091,0.3485,2.6515,0.5758,8.7121,0.7879,0.0,0.0,0.0,0.0,0.0,0.0,1.0,0.0,0.0,1.0,0.0,0.0,0.0,0.0,0.0,0.0,0.0,0.0,0.0,1.0,14588.0,1157.0,10.8,0.9,123009.0
33,42,PENNSYLVANIA,PA,Luzerne,42079,"Luzerne County, Pennsylvania",890.341248638,318917.0,0.0,148154.0,355.0,127514.0,915.0,48174.0,2044.0,12034.0,824.0,25899.0,385.0,24732.0,824.0,60364.0,32.0,62686.0,0.0,48952.0,1062.0,12586.0,643.7,48309.0,63.0,6794.0,631.4,7620.0,462.8,4415.0,335.0,1465.0,258.8,13286.0,565.0,12379.0,744.0,15.7,0.7,7.6,0.5,25899.0,385.0,10.9,0.4,18.9,0.1,19.7,0.0,15.7,0.3,9.9,0.5,15.1,0.0,2.2,0.2,5.1,0.3,3.0,0.2,1.1,0.2,10.4,0.4,3.9,0.2,0.8788,0.7727,0.4394,0.4091,2.5,0.7121,0.5152,0.303,0.5152,0.8939,2.2273,0.5909,0.7576,0.9091,1.6667,0.8182,0.7121,0.1364,0.4697,0.8939,0.5909,2.803,0.6818,9.197,0.8636,0.0,0.0,0.0,0.0,0.0,0.0,0.0,0.0,0.0,0.0,0.0,1.0,1.0,0.0,0.0,0.0,0.0,0.0,0.0,1.0,23555.0,1281.0,7.6,0.4,323823.0
34,42,PENNSYLVANIA,PA,Montgomery,42091,"Montgomery County, Pennsylvania",483.010549864,815876.0,0.0,327785.0,334.0,309884.0,1043.0,52250.0,2257.0,26376.0,1094.0,42995.0,349.0,34804.0,1233.0,133967.0,45.0,179600.0,0.0,80135.0,1656.0,19916.0,781.5,187006.0,395.0,14563.0,826.0,45510.0,1059.2,2786.0,258.0,3475.0,394.9,18687.0,864.0,21798.0,827.0,6.6,0.3,5.9,0.2,42995.0,349.0,6.1,0.2,16.4,0.1,22.0,0.0,10.0,0.2,6.4,0.3,22.9,0.0,1.9,0.1,13.9,0.3,0.8,0.1,1.1,0.1,6.0,0.3,2.7,0.1,0.0152,0.3333,0.0152,0.0,0.3636,0.0303,0.1818,0.7879,0.0303,0.1818,1.1818,0.1212,0.8939,0.8485,1.7424,0.8788,0.9697,0.0455,0.4091,0.197,0.4697,2.0909,0.2576,5.3788,0.1364,0.0,0.0,0.0,0.0,0.0,0.0,0.0,0.0,0.0,0.0,0.0,0.0,0.0,1.0,0.0,0.0,0.0,0.0,1.0,1.0,40941.0,1710.0,5.1,0.2,931454.0
35,42,PENNSYLVANIA,PA,Pike,42103,"Pike County, Pennsylvania",544.960320782,56210.0,0.0,38506.0,89.0,21135.0,655.0,5672.0,779.0,2672.0,375.0,29695.0,986.0,3759.0,453.0,11515.0,126.0,11119.0,26.0,9385.0,619.0,1356.0,225.7,10327.0,74.0,795.0,307.4,351.0,89.4,1249.0,199.0,247.0,100.5,981.0,180.0,449.0,107.0,10.2,1.4,9.9,1.3,29695.0,986.0,9.3,1.1,20.5,0.2,19.8,0.0,16.8,1.1,6.4,1.0,18.4,0.1,1.5,0.6,0.9,0.2,3.2,0.5,1.2,0.5,4.6,0.8,0.8,0.2,0.1667,0.9697,0.1818,0.2273,1.5455,0.303,0.8485,0.3485,0.7121,0.1667,2.0758,0.5,0.8333,0.7727,1.6061,0.803,0.0152,0.1818,0.5,0.0152,0.0303,0.7424,0.0,5.9697,0.1818,0.0,1.0,0.0,0.0,1.0,0.0,0.0,0.0,0.0,0.0,0.0,0.0,0.0,0.0,0.0,0.0,0.0,0.0,0.0,1.0,4693.0,618.0,8.4,1.1,43998.0
36,42,PENNSYLVANIA,PA,Potter,42105,"Potter County, Pennsylvania",1081.32216122,17239.0,0.0,12832.0,70.0,6623.0,153.0,2395.0,198.0,430.0,65.0,22929.0,1138.0,1540.0,133.0,3756.0,19.0,3658.0,39.0,3036.0,161.0,447.0,65.1,567.0,23.0,76.0,76.5,215.0,52.4,1743.0,118.0,34.0,12.5,422.0,62.0,262.0,111.0,14.1,1.2,5.8,0.9,22929.0,1138.0,12.5,1.1,21.8,0.1,21.2,0.2,17.9,0.9,6.7,1.0,3.3,0.1,0.5,0.5,1.7,0.4,13.6,0.9,0.5,0.2,6.4,0.9,1.5,0.6,0.6364,0.2879,0.8788,0.7273,2.5303,0.7273,0.9697,0.697,0.8788,0.2424,2.7879,0.9545,0.0909,0.4394,0.5303,0.2121,0.1061,0.8939,0.0455,0.2727,0.197,1.5152,0.0455,7.3636,0.5,0.0,0.0,0.0,0.0,0.0,1.0,0.0,0.0,0.0,1.0,0.0,0.0,0.0,0.0,0.0,0.0,0.0,0.0,0.0,1.0,1689.0,149.0,9.9,0.9,15229.0
37,42,PENNSYLVANIA,PA,Snyder,42109,"Snyder County, Pennsylvania",328.775927559,40246.0,0.0,16141.0,105.0,14528.0,256.0,4230.0,500.0,903.0,113.0,24708.0,1291.0,4553.0,337.0,6769.0,101.0,8750.0,38.0,4870.0,423.0,1241.0,175.6,1904.0,21.0,333.0,121.0,418.0,127.9,1298.0,170.0,220.0,88.4,1080.0,167.0,2178.0,248.0,11.1,1.3,4.4,0.5,24708.0,1291.0,17.1,1.3,16.8,0.3,21.7,0.1,12.2,1.1,8.5,1.2,4.7,0.1,0.9,0.3,2.6,0.8,8.0,1.1,1.5,0.6,7.4,1.1,5.4,0.6,0.2879,0.0,0.5758,0.9545,1.8182,0.3636,0.2273,0.7576,0.1061,0.7424,1.8333,0.3485,0.2576,0.6212,0.8788,0.4545,0.2576,0.5606,0.7727,0.4242,0.7727,2.7879,0.6667,7.3182,0.4697,0.0,0.0,0.0,1.0,1.0,0.0,0.0,0.0,0.0,0.0,0.0,0.0,0.0,0.0,0.0,0.0,0.0,0.0,0.0,1.0,5524.0,511.0,13.8,1.3,38000.0
38,42,PENNSYLVANIA,PA,Tioga,42117,"Tioga County, Pennsylvania",1133.77667662,42031.0,0.0,21447.0,137.0,16340.0,268.0,5509.0,435.0,1335.0,159.0,24626.0,674.0,3201.0,241.0,8232.0,29.0,8441.0,19.0,6780.0,301.0,1140.0,137.2,1547.0,4.0,103.0,72.2,609.0,91.8,3951.0,221.0,157.0,48.5,864.0,109.0,979.0,236.0,13.4,1.0,6.8,0.8,24626.0,674.0,10.9,0.8,19.6,0.1,20.1,0.0,16.3,0.7,7.0,0.8,3.7,0.0,0.3,0.2,2.8,0.4,18.4,1.0,1.0,0.3,5.3,0.7,2.3,0.6,0.5758,0.5909,0.6061,0.4091,2.1818,0.5758,0.6667,0.4242,0.5909,0.3485,2.0303,0.4545,0.1515,0.1667,0.3182,0.1212,0.303,0.9697,0.2727,0.1364,0.3333,2.0152,0.2273,6.5455,0.2879,0.0,0.0,0.0,0.0,0.0,0.0,0.0,0.0,0.0,0.0,0.0,0.0,0.0,0.0,1.0,0.0,0.0,0.0,1.0,1.0,3971.0,282.0,9.5,0.7,37854.0
39,42,PENNSYLVANIA,PA,Warren,42123,"Warren County, Pennsylvania",884.140460557,40649.0,0.0,23357.0,81.0,16904.0,329.0,5042.0,554.0,1124.0,139.0,25414.0,958.0,2603.0,204.0,8406.0,31.0,8050.0,0.0,7062.0,353.0,1014.0,154.9,1214.0,21.0,166.0,94.7,591.0,114.0,2634.0,192.0,215.0,78.8,1202.0,137.0,753.0,132.0,12.7,1.4,5.8,0.7,25414.0,958.0,8.8,0.7,20.7,0.1,19.8,0.0,17.7,0.9,6.0,0.9,3.0,0.1,0.4,0.2,2.5,0.5,11.3,0.8,1.3,0.5,7.1,0.8,1.9,0.3,0.4394,0.2879,0.5303,0.197,1.4545,0.2727,0.9091,0.3788,0.8333,0.0909,2.2121,0.5758,0.0455,0.3636,0.4091,0.1667,0.2273,0.7121,0.6212,0.3333,0.2576,2.1515,0.3182,6.2273,0.197,0.0,0.0,0.0,0.0,0.0,1.0,0.0,0.0,0.0,1.0,0.0,0.0,0.0,0.0,0.0,0.0,0.0,0.0,0.0,1.0,3026.0,374.0,7.6,0.9,36018.0
40,42,PENNSYLVANIA,PA,Westmoreland,42129,"Westmoreland County, Pennsylvania",1027.56066353,359377.0,0.0,168225.0,456.0,150697.0,922.0,36398.0,1689.0,9673.0,661.0,30153.0,471.0,18351.0,943.0,74281.0,61.0,67889.0,0.0,52628.0,1272.0,9997.0,568.6,20730.0,103.0,975.0,235.6,8250.0,496.6,9608.0,519.0,724.0,173.8,11612.0,613.0,8358.0,1033.0,10.3,0.5,5.3,0.3,30153.0,471.0,7.0,0.4,20.7,0.1,18.9,0.0,14.8,0.3,6.6,0.4,5.8,0.0,0.3,0.1,4.9,0.3,5.7,0.3,0.5,0.1,7.7,0.4,2.3,0.3,0.1818,0.1667,0.1515,0.0758,0.5758,0.0758,0.9091,0.1515,0.4242,0.2121,1.697,0.2576,0.3485,0.2273,0.5758,0.2727,0.6364,0.3939,0.0152,0.4848,0.3182,1.8485,0.1515,4.697,0.0455,0.0,0.0,0.0,0.0,0.0,1.0,0.0,0.0,0.0,1.0,0.0,0.0,0.0,0.0,0.0,0.0,0.0,0.0,0.0,1.0,18813.0,1027.0,5.3,0.3,329084.0
41,42,PENNSYLVANIA,PA,Allegheny,42003,"Allegheny County, Pennsylvania",730.076297266,1230360.0,0.0,590150.0,538.0,531075.0,2098.0,152390.0,3619.0,42347.0,1259.0,33830.0,281.0,53974.0,1433.0,214128.0,28.0,234911.0,0.0,160211.0,2405.0,38949.0,1162.3,253845.0,349.0,9956.0,915.2,75859.0,1430.3,4414.0,408.0,3989.0,357.8,71183.0,1480.0,35608.0,962.0,12.7,0.3,6.4,0.2,33830.0,281.0,6.1,0.2,17.4,0.1,19.1,0.0,13.2,0.2,7.3,0.2,20.6,0.0,0.9,0.1,12.9,0.2,0.7,0.1,0.8,0.1,13.4,0.3,2.9,0.1,0.4394,0.4697,0.0606,0.0,0.9697,0.1364,0.3485,0.2121,0.2273,0.4394,1.2273,0.1364,0.8636,0.5909,1.4545,0.7424,0.9545,0.0303,0.1364,0.9848,0.5,2.6061,0.5455,6.2576,0.2121,0.0,0.0,0.0,0.0,0.0,0.0,0.0,0.0,0.0,0.0,0.0,0.0,0.0,1.0,0.0,0.0,1.0,0.0,2.0,2.0,73370.0,2255.0,6.0,0.2,1380390.0
42,42,PENNSYLVANIA,PA,Cambria,42021,"Cambria County, Pennsylvania",688.351571892,137762.0,0.0,65215.0,270.0,57214.0,483.0,20274.0,967.0,5221.0,363.0,23993.0,492.0,9360.0,468.0,28078.0,59.0,26655.0,0.0,24180.0,811.0,4628.0,344.4,9569.0,62.0,303.0,141.7,3070.0,289.3,2654.0,213.0,472.0,102.7,5898.0,309.0,7988.0,478.0,15.6,0.7,8.3,0.6,23993.0,492.0,9.5,0.5,20.4,0.1,19.3,0.0,18.1,0.6,8.1,0.6,6.9,0.0,0.2,0.1,4.7,0.4,4.1,0.3,0.8,0.2,10.3,0.5,5.8,0.3,0.8636,0.9394,0.7424,0.2576,2.803,0.8485,0.8333,0.2273,0.9242,0.6515,2.6364,0.9091,0.4545,0.0758,0.5303,0.2273,0.6061,0.2424,0.1667,0.8788,0.803,2.697,0.5909,8.6667,0.7576,0.0,1.0,0.0,0.0,1.0,0.0,0.0,1.0,0.0,1.0,0.0,0.0,0.0,0.0,0.0,0.0,0.0,0.0,0.0,2.0,8548.0,623.0,6.4,0.5,139513.0
43,42,PENNSYLVANIA,PA,Chester,42029,"Chester County, Pennsylvania",750.51371976,512028.0,0.0,195720.0,354.0,186721.0,813.0,35883.0,2173.0,14880.0,765.0,44299.0,572.0,24292.0,1109.0,74609.0,82.0,120575.0,35.0,41928.0,1126.0,11329.0,679.4,99152.0,162.0,12274.0,882.0,18764.0,865.6,5036.0,411.0,2343.0,300.2,8995.0,550.0,14250.0,802.0,7.2,0.4,5.3,0.3,44299.0,572.0,7.0,0.3,14.6,0.1,23.5,0.0,8.3,0.2,6.1,0.4,19.4,0.0,2.5,0.2,9.6,0.4,2.6,0.2,1.3,0.2,4.8,0.3,2.8,0.2,0.0303,0.1667,0.0,0.0758,0.2727,0.0152,0.0303,0.9848,0.0,0.1061,1.1212,0.1061,0.8485,0.9545,1.803,0.9394,0.8939,0.1212,0.5909,0.0606,0.4848,2.1515,0.303,5.3485,0.1212,0.0,0.0,0.0,0.0,0.0,0.0,1.0,0.0,0.0,1.0,0.0,1.0,1.0,0.0,0.0,0.0,0.0,0.0,0.0,2.0,34961.0,1876.0,6.9,0.4,521974.0
44,42,PENNSYLVANIA,PA,Clarion,42031,"Clarion County, Pennsylvania",600.833579041,38939.0,0.0,20034.0,107.0,15848.0,264.0,6941.0,478.0,1301.0,176.0,22451.0,582.0,3000.0,241.0,6921.0,27.0,7383.0,13.0,6498.0,402.0,1088.0,168.7,1425.0,49.0,215.0,118.6,893.0,164.4,2408.0,191.0,225.0,70.0,1323.0,171.0,1514.0,207.0,18.6,1.3,7.1,1.0,22451.0,582.0,11.5,0.9,17.8,0.1,19.0,0.0,16.9,1.0,6.9,1.1,3.7,0.1,0.6,0.3,4.5,0.8,12.0,1.0,1.4,0.4,8.3,1.1,3.9,0.5,0.9545,0.6667,0.9242,0.6061,3.1515,0.9545,0.3788,0.1667,0.7424,0.2879,1.5758,0.1667,0.1364,0.5455,0.6818,0.3182,0.5606,0.7879,0.7273,0.5303,0.6061,3.2121,0.8636,8.6212,0.7424,1.0,0.0,1.0,0.0,2.0,0.0,0.0,0.0,0.0,0.0,0.0,0.0,0.0,0.0,0.0,0.0,0.0,0.0,0.0,2.0,3483.0,356.0,9.0,0.9,38337.0
45,42,PENNSYLVANIA,PA,Clearfield,42033,"Clearfield County, Pennsylvania",1144.67717469,81170.0,0.0,38627.0,181.0,31303.0,404.0,11196.0,968.0,2977.0,308.0,21650.0,489.0,7645.0,420.0,15374.0,63.0,15289.0,0.0,13503.0,590.0,2163.0,272.8,5434.0,19.0,691.0,167.7,1305.0,163.8,4845.0,330.0,325.0,96.4,2402.0,268.0,5525.0,335.0,14.8,1.3,8.1,0.8,21650.0,489.0,12.9,0.7,18.9,0.1,18.8,0.0,17.8,0.8,6.9,0.9,6.7,0.0,0.9,0.2,3.4,0.4,12.5,0.8,1.0,0.3,7.7,0.8,6.8,0.4,0.7879,0.9091,0.9848,0.7727,3.4545,0.9848,0.5152,0.1364,0.8485,0.3182,1.8182,0.3333,0.4242,0.6364,1.0606,0.5909,0.4242,0.8182,0.3636,0.4848,0.8788,2.9697,0.7424,9.303,0.9091,0.0,1.0,1.0,0.0,2.0,0.0,0.0,0.0,0.0,0.0,0.0,0.0,0.0,0.0,0.0,0.0,0.0,0.0,0.0,2.0,6450.0,504.0,8.5,0.7,78168.0
46,42,PENNSYLVANIA,PA,Clinton,42035,"Clinton County, Pennsylvania",887.983723339,39536.0,0.0,18985.0,132.0,14710.0,279.0,6436.0,739.0,1240.0,195.0,22084.0,479.0,3097.0,245.0,6808.0,34.0,8100.0,24.0,5902.0,323.0,1204.0,170.8,1824.0,21.0,217.0,84.4,754.0,147.0,1892.0,189.0,194.0,46.8,1316.0,174.0,2192.0,269.0,17.3,2.0,6.6,1.0,22084.0,479.0,12.4,1.0,17.2,0.1,20.5,0.1,15.2,0.8,8.2,1.2,4.6,0.1,0.6,0.2,4.0,0.8,10.0,1.0,1.3,0.3,8.9,1.2,5.5,0.7,0.9242,0.5455,0.9545,0.7121,3.1364,0.9394,0.303,0.5455,0.4697,0.6667,1.9848,0.4091,0.2424,0.5303,0.7727,0.3788,0.5,0.6515,0.6364,0.6364,0.7879,3.2121,0.8485,9.1061,0.8485,1.0,0.0,1.0,0.0,2.0,0.0,0.0,0.0,0.0,0.0,0.0,0.0,0.0,0.0,0.0,0.0,0.0,0.0,0.0,2.0,3709.0,396.0,9.5,1.0,37100.0
47,42,PENNSYLVANIA,PA,Erie,42049,"Erie County, Pennsylvania",799.212790502,279133.0,0.0,119931.0,331.0,110047.0,756.0,44452.0,1881.0,9751.0,610.0,25555.0,383.0,16766.0,679.0,43949.0,29.0,61297.0,0.0,41209.0,1300.0,11562.0,713.9,41464.0,205.0,3320.0,426.6,8976.0,527.0,6647.0,393.0,1586.0,263.9,11902.0,709.0,12727.0,753.0,16.7,0.7,7.1,0.4,25555.0,383.0,8.9,0.4,15.7,0.1,22.0,0.0,15.1,0.5,10.5,0.6,14.9,0.1,1.3,0.2,7.5,0.4,5.5,0.3,1.4,0.2,10.8,0.6,4.6,0.3,0.8939,0.6667,0.5152,0.2121,2.2879,0.6364,0.0909,0.7727,0.4545,0.9545,2.2727,0.6818,0.7424,0.697,1.4394,0.7273,0.8485,0.3636,0.7424,0.9545,0.697,3.6061,0.9697,9.6061,0.9545,0.0,0.0,0.0,0.0,0.0,0.0,0.0,0.0,1.0,1.0,0.0,0.0,0.0,0.0,0.0,0.0,1.0,0.0,1.0,2.0,18902.0,1098.0,6.9,0.4,293674.0
48,42,PENNSYLVANIA,PA,Huntingdon,42061,"Huntingdon County, Pennsylvania",874.651301973,45844.0,0.0,22391.0,154.0,16975.0,337.0,5572.0,562.0,1456.0,156.0,22217.0,978.0,3726.0,260.0,8514.0,44.0,8711.0,12.0,6857.0,339.0,1196.0,159.8,4087.0,41.0,141.0,76.6,509.0,106.3,2803.0,160.0,193.0,65.7,1202.0,172.0,5177.0,325.0,13.7,1.4,7.3,0.8,22217.0,978.0,11.4,0.8,18.6,0.1,19.0,0.0,16.3,0.8,7.0,0.9,8.9,0.1,0.3,0.2,2.3,0.5,12.5,0.7,1.1,0.4,7.1,1.0,11.3,0.7,0.6061,0.697,0.9394,0.5909,2.8333,0.8788,0.4848,0.1818,0.5909,0.3636,1.6212,0.1818,0.5758,0.2576,0.8333,0.4242,0.1818,0.8182,0.4545,0.3333,0.9697,2.7576,0.6364,8.0455,0.5758,0.0,0.0,1.0,0.0,1.0,0.0,0.0,0.0,0.0,0.0,0.0,0.0,0.0,0.0,0.0,0.0,0.0,1.0,1.0,2.0,3211.0,385.0,7.6,0.9,40848.0
49,42,PENNSYLVANIA,PA,Juniata,42067,"Juniata County, Pennsylvania",391.350240856,24811.0,0.0,10987.0,64.0,9326.0,171.0,2926.0,417.0,626.0,111.0,23461.0,971.0,3069.0,271.0,4912.0,34.0,5595.0,7.0,3446.0,284.0,573.0,91.5,1230.0,8.0,430.0,127.8,347.0,99.0,1306.0,148.0,198.0,52.9,673.0,109.0,297.0,50.0,12.0,1.7,5.3,0.9,23461.0,971.0,17.6,1.5,19.8,0.1,22.6,0.0,14.0,1.2,6.1,1.0,5.0,0.0,1.8,0.5,3.2,0.9,11.9,1.3,2.1,0.6,7.2,1.2,1.2,0.2,0.3485,0.1667,0.8333,0.9848,2.3333,0.6515,0.7121,0.8939,0.3182,0.1364,2.0606,0.4697,0.303,0.8182,1.1212,0.6364,0.3636,0.7727,0.9545,0.3636,0.0758,2.5303,0.5152,8.0455,0.5606,0.0,0.0,0.0,1.0,1.0,0.0,0.0,0.0,0.0,0.0,0.0,0.0,0.0,0.0,0.0,1.0,0.0,0.0,1.0,2.0,3315.0,401.0,13.5,1.6,19753.0
50,42,PENNSYLVANIA,PA,McKean,42083,"McKean County, Pennsylvania",979.195595723,42609.0,0.0,21021.0,170.0,17259.0,348.0,6705.0,575.0,1567.0,206.0,24303.0,997.0,3146.0,273.0,7722.0,53.0,8563.0,174.0,7255.0,401.0,1880.0,217.8,2737.0,47.0,108.0,108.8,719.0,134.7,1865.0,149.0,148.0,61.4,1585.0,208.0,3079.0,352.0,17.1,1.5,7.9,1.0,24303.0,997.0,10.4,0.9,18.1,0.1,20.1,0.4,17.9,1.0,10.9,1.2,6.4,0.1,0.3,0.3,3.4,0.6,8.9,0.7,0.9,0.4,9.2,1.2,7.2,0.8,0.9091,0.8485,0.6818,0.3333,2.7727,0.8333,0.3939,0.4394,0.8788,0.9697,2.6818,0.9394,0.3788,0.1818,0.5606,0.2424,0.4394,0.5909,0.197,0.6515,0.8939,2.7727,0.6515,8.7879,0.803,1.0,0.0,0.0,0.0,1.0,0.0,0.0,0.0,1.0,1.0,0.0,0.0,0.0,0.0,0.0,0.0,0.0,0.0,0.0,2.0,2921.0,360.0,7.2,0.9,41617.0
51,42,PENNSYLVANIA,PA,Monroe,42089,"Monroe County, Pennsylvania",608.259345216,167126.0,0.0,80675.0,109.0,57127.0,874.0,20071.0,1953.0,8861.0,744.0,26128.0,670.0,11833.0,1081.0,24983.0,49.0,35393.0,0.0,24080.0,1384.0,4762.0,501.4,53286.0,276.0,2913.0,527.9,1514.0,255.3,2886.0,400.0,779.0,224.1,3114.0,377.0,2341.0,291.0,12.2,1.2,10.3,0.8,26128.0,670.0,10.4,1.0,14.9,0.1,21.2,0.0,14.5,0.8,8.3,0.9,31.9,0.2,1.8,0.3,1.9,0.3,3.6,0.5,1.4,0.4,5.5,0.7,1.4,0.2,0.3939,0.9848,0.4242,0.3333,2.1364,0.5455,0.0455,0.6818,0.3788,0.697,1.803,0.3182,0.9394,0.803,1.7424,0.8788,0.1364,0.197,0.6818,0.1515,0.1667,1.3333,0.0303,7.0152,0.4091,0.0,1.0,0.0,0.0,1.0,0.0,0.0,0.0,0.0,0.0,1.0,0.0,1.0,0.0,0.0,0.0,0.0,0.0,0.0,2.0,16243.0,1353.0,9.8,0.8,143535.0
52,42,PENNSYLVANIA,PA,Union,42119,"Union County, Pennsylvania",315.985546297,45178.0,0.0,17089.0,361.0,14649.0,440.0,3991.0,558.0,955.0,230.0,23316.0,1086.0,4559.0,358.0,7262.0,63.0,8114.0,15.0,5089.0,526.0,1206.0,285.6,7075.0,59.0,347.0,146.4,691.0,156.5,1305.0,198.0,156.0,67.2,1141.0,203.0,9575.0,847.0,11.2,1.5,4.9,1.1,23316.0,1086.0,14.8,1.2,16.1,0.1,18.0,0.0,12.9,1.3,8.2,1.9,15.7,0.1,0.8,0.3,4.0,0.9,7.6,1.2,1.1,0.5,7.8,1.4,21.2,1.9,0.303,0.0303,0.8636,0.9091,2.1061,0.4848,0.1667,0.0758,0.1818,0.6818,1.1061,0.0758,0.7879,0.5758,1.3636,0.697,0.5303,0.4848,0.3788,0.5152,0.9848,2.8939,0.7273,7.4697,0.5152,0.0,0.0,0.0,1.0,1.0,0.0,0.0,0.0,0.0,0.0,0.0,0.0,0.0,0.0,0.0,0.0,0.0,1.0,1.0,2.0,4406.0,513.0,11.2,1.3,44729.0
53,42,PENNSYLVANIA,PA,Wayne,42127,"Wayne County, Pennsylvania",725.604232627,51307.0,0.0,31874.0,150.0,19173.0,491.0,6034.0,768.0,1684.0,200.0,24962.0,822.0,3902.0,304.0,10612.0,50.0,9019.0,113.0,8352.0,480.0,1351.0,225.5,4594.0,23.0,232.0,101.4,268.0,83.9,2243.0,226.0,120.0,55.9,948.0,168.0,3920.0,347.0,12.7,1.6,7.4,0.9,24962.0,822.0,10.1,0.8,20.7,0.1,17.6,0.2,17.5,1.0,7.0,1.2,9.0,0.0,0.5,0.2,0.8,0.3,7.0,0.7,0.6,0.3,4.9,0.9,7.6,0.7,0.4394,0.7273,0.5455,0.303,2.0152,0.4545,0.9091,0.0455,0.7879,0.3788,2.1212,0.5303,0.5909,0.4545,1.0455,0.5758,0.0,0.4545,0.1061,0.0758,0.9242,1.5606,0.0606,6.7424,0.3182,0.0,0.0,0.0,0.0,0.0,1.0,0.0,0.0,0.0,1.0,0.0,0.0,0.0,0.0,0.0,0.0,0.0,1.0,1.0,2.0,3675.0,335.0,7.7,0.7,43337.0
54,42,PENNSYLVANIA,PA,Cameron,42023,"Cameron County, Pennsylvania",396.229282872,4807.0,0.0,4403.0,35.0,2187.0,124.0,602.0,119.0,111.0,40.0,25716.0,2372.0,466.0,87.0,1143.0,10.0,847.0,0.0,922.0,106.0,258.0,60.8,144.0,8.0,5.0,38.5,137.0,38.4,551.0,55.0,13.0,15.0,204.0,56.0,92.0,68.0,12.7,2.5,4.9,1.8,25716.0,2372.0,12.8,2.4,23.8,0.2,17.6,0.0,19.4,2.2,11.8,2.7,3.0,0.2,0.1,0.8,3.1,0.9,12.5,1.3,0.6,0.7,9.3,2.5,1.9,1.4,0.4394,0.0303,0.4848,0.7576,1.7121,0.3485,0.9848,0.0606,0.9545,0.9848,2.9848,0.9848,0.0606,0.0455,0.1061,0.0152,0.3333,0.8182,0.0909,0.6818,0.2727,2.197,0.3485,7.0,0.3939,0.0,0.0,0.0,0.0,0.0,1.0,0.0,1.0,1.0,3.0,0.0,0.0,0.0,0.0,0.0,0.0,0.0,0.0,0.0,3.0,297.0,66.0,6.2,1.4,4705.0
55,42,PENNSYLVANIA,PA,Delaware,42045,"Delaware County, Pennsylvania",183.87219059,562316.0,0.0,221969.0,463.0,203610.0,1156.0,58737.0,2908.0,22117.0,951.0,34857.0,429.0,28713.0,1171.0,84921.0,65.0,126250.0,49.0,65028.0,1488.0,19221.0,862.6,176709.0,238.0,10393.0,873.9,26386.0,835.7,743.0,161.0,2707.0,303.1,22701.0,911.0,21957.0,819.0,10.9,0.5,7.5,0.3,34857.0,429.0,7.6,0.3,15.1,0.1,22.5,0.0,11.7,0.3,9.4,0.4,31.4,0.0,2.0,0.2,11.9,0.4,0.3,0.1,1.3,0.1,11.1,0.4,3.9,0.1,0.2727,0.7576,0.0455,0.1061,1.1818,0.197,0.0606,0.8485,0.0909,0.8788,1.8788,0.3636,0.9242,0.8636,1.7879,0.9242,0.9394,0.0,0.6667,0.9697,0.6364,3.2121,0.8636,8.0606,0.5909,0.0,0.0,0.0,0.0,0.0,0.0,0.0,0.0,0.0,0.0,1.0,0.0,1.0,1.0,0.0,0.0,1.0,0.0,2.0,3.0,39012.0,1835.0,7.0,0.3,523023.0
56,42,PENNSYLVANIA,PA,Fayette,42051,"Fayette County, Pennsylvania",790.338448775,134229.0,0.0,62798.0,190.0,53654.0,560.0,24277.0,1319.0,4574.0,386.0,22863.0,552.0,12318.0,667.0,25982.0,72.0,26266.0,61.0,23609.0,944.0,4334.0,352.8,10392.0,26.0,327.0,137.6,2080.0,222.3,6587.0,461.0,1205.0,243.4,4991.0,419.0,4715.0,417.0,18.6,1.0,7.8,0.6,22863.0,552.0,12.6,0.7,19.4,0.1,19.6,0.0,18.0,0.7,8.1,0.7,7.7,0.0,0.3,0.1,3.3,0.4,10.5,0.7,2.2,0.5,9.3,0.8,3.5,0.3,0.9545,0.8333,0.8939,0.7424,3.4242,0.9697,0.6061,0.2576,0.9091,0.6212,2.3939,0.803,0.5303,0.1515,0.6818,0.303,0.4091,0.6818,0.9848,0.6818,0.5606,3.3182,0.9242,9.8182,0.9848,1.0,0.0,0.0,0.0,1.0,0.0,0.0,1.0,0.0,1.0,0.0,0.0,0.0,0.0,0.0,1.0,0.0,0.0,1.0,3.0,9956.0,736.0,7.6,0.6,120866.0
57,42,PENNSYLVANIA,PA,Greene,42059,"Greene County, Pennsylvania",575.948727533,37669.0,0.0,16469.0,201.0,14400.0,303.0,5141.0,593.0,1105.0,185.0,24389.0,1014.0,3554.0,269.0,6443.0,53.0,7190.0,43.0,6986.0,424.0,1266.0,214.9,2788.0,342.0,100.0,91.1,527.0,111.8,2772.0,264.0,112.0,40.8,1207.0,197.0,3980.0,421.0,15.3,1.8,7.0,1.2,24389.0,1014.0,13.3,1.0,17.1,0.1,19.1,0.1,20.1,1.2,8.8,1.5,7.4,0.9,0.3,0.3,3.2,0.7,16.8,1.6,0.8,0.3,8.4,1.3,10.6,1.1,0.8182,0.6364,0.6515,0.8182,2.9242,0.8939,0.2576,0.197,0.9697,0.8182,2.2424,0.6364,0.5,0.2121,0.7121,0.3485,0.3788,0.9545,0.1515,0.5909,0.9394,3.0152,0.7727,8.8939,0.8333,0.0,0.0,0.0,0.0,0.0,0.0,0.0,1.0,0.0,1.0,0.0,0.0,0.0,0.0,1.0,0.0,0.0,1.0,2.0,3.0,2420.0,380.0,7.0,1.1,35713.0
58,42,PENNSYLVANIA,PA,Mifflin,42087,"Mifflin County, Pennsylvania",411.045053296,46585.0,0.0,21537.0,100.0,18695.0,318.0,6676.0,827.0,1105.0,194.0,21665.0,581.0,5538.0,438.0,9426.0,52.0,10531.0,17.0,8006.0,505.0,1506.0,233.2,1721.0,13.0,611.0,202.3,518.0,139.8,1918.0,220.0,350.0,110.6,1946.0,269.0,651.0,205.0,14.6,1.8,5.2,0.9,21665.0,581.0,16.9,1.3,20.2,0.1,22.6,0.0,17.4,1.1,8.1,1.2,3.7,0.0,1.4,0.5,2.4,0.6,8.9,1.0,1.9,0.6,10.4,1.4,1.4,0.4,0.7424,0.1061,0.9697,0.9394,2.7576,0.803,0.803,0.9091,0.7727,0.6061,3.0909,1.0,0.1667,0.7576,0.9242,0.5,0.197,0.5909,0.8939,0.8939,0.1515,2.7273,0.6061,9.5,0.9394,0.0,0.0,1.0,1.0,2.0,0.0,1.0,0.0,0.0,1.0,0.0,0.0,0.0,0.0,0.0,0.0,0.0,0.0,0.0,3.0,6274.0,651.0,13.6,1.4,42536.0
59,42,PENNSYLVANIA,PA,Centre,42027,"Centre County, Pennsylvania",1109.86674888,159178.0,0.0,64938.0,272.0,57037.0,780.0,27170.0,1482.0,3858.0,532.0,27584.0,552.0,6283.0,526.0,19808.0,118.0,24447.0,54.0,15430.0,834.0,2829.0,386.9,22052.0,255.0,1420.0,379.7,10885.0,703.0,3535.0,370.0,1248.0,234.8,5624.0,467.0,17210.0,648.0,19.1,1.0,4.9,0.7,27584.0,552.0,6.7,0.6,12.4,0.1,15.4,0.0,9.9,0.5,5.0,0.7,13.9,0.2,0.9,0.2,16.8,1.1,5.4,0.6,2.2,0.4,9.9,0.8,10.8,0.4,0.9848,0.0303,0.3182,0.0606,1.3939,0.2424,0.0,0.0303,0.0152,0.0303,0.0758,0.0,0.7121,0.6515,1.3636,0.6818,1.0,0.3485,0.9697,0.8333,0.9545,4.1061,1.0,6.9394,0.3636,1.0,0.0,0.0,0.0,1.0,0.0,0.0,0.0,0.0,0.0,0.0,0.0,0.0,1.0,0.0,1.0,0.0,1.0,3.0,4.0,10209.0,913.0,6.6,0.6,183900.0
60,42,PENNSYLVANIA,PA,Dauphin,42043,"Dauphin County, Pennsylvania",525.057518283,271962.0,0.0,121889.0,294.0,110211.0,786.0,35950.0,2130.0,8776.0,573.0,30068.0,534.0,20502.0,1063.0,41492.0,103.0,61236.0,23.0,35681.0,1562.0,11255.0,657.3,87505.0,88.0,5852.0,661.3,12658.0,702.4,3757.0,354.0,1817.0,320.8,11488.0,526.0,7117.0,600.0,13.4,0.8,6.2,0.4,30068.0,534.0,10.9,0.6,15.3,0.1,22.5,0.0,13.3,0.6,10.2,0.6,32.2,0.0,2.3,0.3,10.4,0.6,3.1,0.3,1.6,0.3,10.4,0.5,2.6,0.2,0.5758,0.3788,0.1667,0.4091,1.5303,0.2879,0.0758,0.8788,0.2424,0.9091,2.1061,0.5152,0.9545,0.9242,1.8788,0.9545,0.9242,0.1667,0.8485,0.8939,0.4545,3.2879,0.9091,8.803,0.8182,0.0,0.0,0.0,0.0,0.0,0.0,0.0,0.0,1.0,1.0,1.0,1.0,2.0,1.0,0.0,0.0,0.0,0.0,1.0,4.0,21822.0,1703.0,8.1,0.6,336762.0
61,42,PENNSYLVANIA,PA,Lancaster,42071,"Lancaster County, Pennsylvania",943.867418708,533110.0,0.0,206308.0,309.0,196171.0,918.0,55977.0,2578.0,15130.0,863.0,28152.0,367.0,54574.0,1554.0,87338.0,70.0,128533.0,0.0,61221.0,1688.0,14168.0,829.7,89815.0,197.0,11546.0,963.6,15967.0,834.7,7753.0,583.0,3749.0,396.8,18562.0,695.0,13276.0,671.0,10.8,0.5,5.5,0.3,28152.0,367.0,15.4,0.4,16.4,0.1,24.1,0.0,11.6,0.3,7.2,0.4,16.8,0.0,2.3,0.2,7.7,0.4,3.8,0.3,1.9,0.2,9.5,0.3,2.5,0.1,0.2424,0.2576,0.2424,0.9242,1.6667,0.3333,0.1818,1.0,0.0758,0.3939,1.6515,0.2121,0.8182,0.9394,1.7576,0.9091,0.8636,0.2121,0.9242,0.7424,0.3636,3.1061,0.8182,8.1818,0.6515,0.0,0.0,0.0,1.0,1.0,0.0,1.0,0.0,0.0,1.0,0.0,1.0,1.0,0.0,0.0,1.0,0.0,0.0,1.0,4.0,64826.0,2585.0,12.3,0.5,517703.0
62,42,PENNSYLVANIA,PA,Sullivan,42113,"Sullivan County, Pennsylvania",449.939486531,6302.0,0.0,6297.0,66.0,2647.0,110.0,731.0,145.0,259.0,72.0,26154.0,1203.0,539.0,89.0,1696.0,24.0,779.0,47.0,1226.0,106.0,131.0,31.4,408.0,10.0,35.0,58.3,94.0,19.9,813.0,74.0,17.0,13.0,131.0,26.0,459.0,149.0,12.0,2.4,8.9,2.4,26154.0,1203.0,11.0,1.7,26.9,0.4,12.4,0.7,20.1,1.7,4.9,1.2,6.5,0.2,0.6,1.0,1.5,0.3,12.9,1.2,0.6,0.5,4.9,1.0,7.3,2.4,0.3485,0.9545,0.4091,0.4848,2.197,0.6061,1.0,0.0152,0.9697,0.0152,2.0,0.4242,0.3939,0.5152,0.9091,0.4697,0.0606,0.8636,0.1212,0.0758,0.9091,2.0303,0.2424,7.1364,0.4394,0.0,1.0,0.0,0.0,1.0,1.0,0.0,1.0,0.0,2.0,0.0,0.0,0.0,0.0,0.0,0.0,0.0,1.0,1.0,4.0,573.0,111.0,9.4,1.8,5122.0
63,42,PENNSYLVANIA,PA,Berks,42011,"Berks County, Pennsylvania",856.389781239,414097.0,0.0,164853.0,353.0,152451.0,786.0,57329.0,2164.0,17799.0,949.0,27844.0,390.0,40227.0,1166.0,65593.0,59.0,94844.0,0.0,54583.0,1561.0,15650.0,753.3,107357.0,190.0,15520.0,1027.3,10511.0,530.6,4940.0,326.0,2387.0,313.4,13238.0,652.0,13511.0,879.0,14.3,0.5,8.2,0.4,27844.0,390.0,14.5,0.4,15.8,0.1,22.9,0.0,13.3,0.4,10.3,0.5,25.9,0.0,4.0,0.3,6.4,0.3,3.0,0.2,1.6,0.2,8.7,0.4,3.3,0.2,0.6667,0.9242,0.2727,0.8939,2.7576,0.7727,0.1061,0.9545,0.2424,0.9242,2.2273,0.6061,0.9091,0.9848,1.8939,0.9697,0.7576,0.1364,0.8182,0.6061,0.5455,2.8636,0.7121,9.7424,0.9697,0.0,1.0,0.0,0.0,1.0,0.0,1.0,0.0,1.0,2.0,1.0,1.0,2.0,0.0,0.0,0.0,0.0,0.0,0.0,5.0,34994.0,1647.0,8.5,0.4,402640.0
64,42,PENNSYLVANIA,PA,Lehigh,42077,"Lehigh County, Pennsylvania",345.17913821,358792.0,0.0,143538.0,246.0,135363.0,775.0,45552.0,2382.0,14478.0,915.0,29587.0,488.0,29113.0,1110.0,56935.0,47.0,82056.0,0.0,49613.0,1405.0,13929.0,680.2,116327.0,316.0,13169.0,978.2,13611.0,697.4,3130.0,269.0,2637.0,379.9,12872.0,621.0,9100.0,606.0,13.0,0.7,7.7,0.5,29587.0,488.0,11.9,0.5,15.9,0.1,22.9,0.0,14.0,0.4,10.3,0.5,32.4,0.1,3.9,0.3,9.5,0.5,2.2,0.2,1.9,0.3,9.5,0.5,2.5,0.2,0.5303,0.7879,0.197,0.6667,2.1818,0.5909,0.1364,0.9242,0.3182,0.9394,2.3182,0.7273,0.9697,0.9697,1.9394,0.9848,0.8788,0.0758,0.9394,0.7424,0.3939,3.0303,0.803,9.4697,0.9242,0.0,0.0,0.0,0.0,0.0,0.0,1.0,0.0,1.0,2.0,1.0,1.0,2.0,0.0,0.0,1.0,0.0,0.0,1.0,5.0,31666.0,1539.0,8.9,0.4,385015.0
65,42,PENNSYLVANIA,PA,Forest,42053,"Forest County, Pennsylvania",427.269714937,7493.0,0.0,8473.0,683.0,1816.0,692.0,387.0,84.0,48.0,18.0,13283.0,3355.0,1248.0,177.0,1608.0,0.0,290.0,563.0,1015.0,123.0,35.0,61.3,3038.0,214.0,95.0,66.7,80.0,47.5,1682.0,159.0,9.0,11.4,111.0,45.0,4445.0,270.0,12.7,2.3,4.5,2.1,13283.0,3355.0,19.2,2.4,21.5,0.0,3.9,7.5,33.3,3.7,1.9,3.3,40.5,2.9,1.3,0.9,0.9,0.6,19.9,1.4,0.5,0.6,6.1,1.4,59.3,3.6,0.4394,0.0152,1.0,1.0,2.4545,0.6818,0.9545,0.0,1.0,0.0,1.9545,0.3939,0.9848,0.7273,1.7121,0.8636,0.0303,1.0,0.0303,0.2273,1.0,2.2879,0.3939,8.4091,0.6667,0.0,0.0,1.0,1.0,2.0,1.0,0.0,1.0,0.0,2.0,1.0,0.0,1.0,0.0,1.0,0.0,0.0,1.0,2.0,7.0,195.0,65.0,6.4,1.9,7723.0
66,42,PENNSYLVANIA,PA,Philadelphia,42101,"Philadelphia County, Pennsylvania",134.177960475,1559938.0,0.0,671125.0,826.0,582594.0,2684.0,392356.0,7479.0,93765.0,2691.0,23696.0,249.0,180039.0,3306.0,195330.0,34.0,345809.0,0.0,246814.0,3561.0,71799.0,1806.4,1009781.0,572.0,84998.0,2657.6,95281.0,1583.5,1678.0,278.0,14760.0,772.8,180335.0,2560.0,50196.0,1986.0,25.9,0.5,12.5,0.4,23696.0,249.0,17.4,0.3,12.5,0.1,22.2,0.0,16.0,0.2,12.3,0.3,64.7,0.0,5.9,0.2,14.2,0.2,0.3,0.1,2.5,0.1,31.0,0.4,3.2,0.1,1.0,1.0,0.7727,0.9697,3.7424,1.0,0.0152,0.8333,0.5455,1.0,2.3939,0.7879,1.0,1.0,2.0,1.0,0.9848,0.0,1.0,1.0,0.5303,3.5152,0.9545,11.6515,1.0,1.0,1.0,0.0,1.0,3.0,0.0,0.0,0.0,1.0,1.0,1.0,1.0,2.0,1.0,0.0,1.0,1.0,0.0,3.0,9.0,184975.0,4205.0,12.0,0.3,1648499.0
